<?xml version='1.0' encoding='utf-8'?>
<annotation>
	<folder>VOC</folder>
	<filename>1036.png</filename>
	<size>
		<width>512</width>
		<height>512</height>
		<depth>3</depth>
	</size>
	<object>
		<name>nodule</name>
		<bndbox>
			<xmin>224</xmin>
			<ymin>275</ymin>
			<xmax>256</xmax>
			<ymax>307</ymax>
		</bndbox>
	</object>
	<object>
		<name>nodule</name>
		<bndbox>
			<xmin>350</xmin>
			<ymin>379</ymin>
			<xmax>382</xmax>
			<ymax>411</ymax>
		</bndbox>
	</object>
</annotation>
