<?xml version='1.0' encoding='utf-8'?>
<annotation>
	<folder>VOC</folder>
	<filename>106.png</filename>
	<size>
		<width>512</width>
		<height>512</height>
		<depth>3</depth>
	</size>
	<object>
		<name>nodule</name>
		<bndbox>
			<xmin>123</xmin>
			<ymin>288</ymin>
			<xmax>155</xmax>
			<ymax>320</ymax>
		</bndbox>
	</object>
	<object>
		<name>nodule</name>
		<bndbox>
			<xmin>151</xmin>
			<ymin>325</ymin>
			<xmax>183</xmax>
			<ymax>357</ymax>
		</bndbox>
	</object>
</annotation>
