<?xml version='1.0' encoding='utf-8'?>
<annotation>
	<folder>VOC</folder>
	<filename>338.png</filename>
	<size>
		<width>512</width>
		<height>512</height>
		<depth>3</depth>
	</size>
	<object>
		<name>nodule</name>
		<bndbox>
			<xmin>360</xmin>
			<ymin>216</ymin>
			<xmax>392</xmax>
			<ymax>248</ymax>
		</bndbox>
	</object>
	<object>
		<name>nodule</name>
		<bndbox>
			<xmin>177</xmin>
			<ymin>402</ymin>
			<xmax>209</xmax>
			<ymax>434</ymax>
		</bndbox>
	</object>
</annotation>
